id,word
00000000,trials
00000001,logs
00000002,codes
00000003,diagnostic
00000004,insulin
00000005,audit
00000006,and
00000007,concentration
00000008,healthcare
00000009,therapies
0000000A,the
0000000B,reveals
0000000C,clinical
0000000D,monitor
0000000E,diabetes
0000000F,patient
00000010,ankit
00000011,text
00000012,is
00000013,replace
00000014,pal
00000015,sample
00000016,content
00000017,amlesh
00000018,a
00000019,you
0000001A,as
0000001B,needed
0000001C,can
0000001D,kumar
0000001E,edit
0000001F,this
00000020,file
00000021,or
00000022,recovery
00000023,ongoing
00000024,mellitus
00000025,suggest
00000026,rates
00000027,with
00000028,prescribed
00000029,diagnosed
0000002A,treatment
0000002B,significant
0000002C,network
0000002D,encryption
0000002E,research
0000002F,neural
00000030,learning
00000031,models
00000032,paper
00000033,homomorphic
00000034,architectures
00000035,optimizations
00000036,advanced
00000037,explores
00000038,machine
00000039,first
0000003A,in
0000003B,enterprise
0000003C,driving
0000003D,revenue
0000003E,are
0000003F,targets
00000040,quarter
00000041,metrics
00000042,indicate
00000043,scale
00000044,exceeded
00000045,cloud
00000046,services
00000047,increase
00000048,documents
00000049,secret
0000004A,non
0000004B,indices
0000004C,disclosure
0000004D,trade
0000004E,legal
0000004F,establish
00000050,clauses
00000051,proprietary
00000052,regarding
00000053,protections
00000054,security
00000055,to
00000056,team
00000057,all
00000058,records
00000059,need
0000005A,be
0000005B,address
0000005C,medical
0000005D,encrypted
0000005E,containing
0000005F,database
00000060,statistics
00000061,must
00000062,we
00000063,sha1
00000064,key
00000065,mode
00000066,rfc
00000067,session
00000068,generated
00000069,padding
0000006A,nonce
0000006B,cipher
0000006C,256
0000006D,aes
0000006E,derivation
0000006F,scheme
00000070,size
00000071,iv
00000072,bit
00000073,per
00000074,bits
00000075,cbc
00000076,128
00000077,pkcs7
00000078,csprng
00000079,draft
0000007A,hmac
0000007B,randomly
0000007C,block
0000007D,pbkdf2
0000007E,generation
0000007F,record
00000080,mmhg
00000081,penicillin
00000082,126
00000083,dosage
00000084,500mg
00000085,00482
00000086,metformin
00000087,pressure
00000088,allergy
00000089,dl
0000008A,glucose
0000008B,82
0000008C,medication
0000008D,rash
0000008E,diagnosis
0000008F,b
00000090,dietary
00000091,twice
00000092,type
00000093,blood
00000094,meals
00000095,2
00000096,mg
00000097,id
00000098,daily
00000099,over
0000009A,adjustment
0000009B,position
0000009C,2m
0000009D,unchanged
0000009E,material
0000009F,forecast
000000A0,ebitda
000000A1,profit
000000A2,760k
000000A3,18
000000A4,no
000000A5,stable
000000A6,financial
000000A7,equity
000000A8,remains
000000A9,q3
000000AA,balance
000000AB,margin
000000AC,4
000000AD,notes
000000AE,findings
000000AF,for
000000B0,revised
000000B1,upward
000000B2,q4
000000B3,report
000000B4,net
000000B5,sheet
000000B6,3
000000B7,stakeholder
000000B8,sign
000000B9,67
000000BA,percent
000000BB,blocked
000000BC,week
000000BD,medium
000000BE,track
000000BF,points
000000C0,budget
000000C1,api
000000C2,delay
000000C3,third
000000C4,roadmap
000000C5,34
000000C6,phase
000000C7,backlog
000000C8,velocity
000000C9,pending
000000CA,risks
000000CB,start
000000CC,utilisation
000000CD,14
000000CE,milestone
000000CF,party
000000D0,phoenix
000000D1,open
000000D2,m4
000000D3,sprint
000000D4,integration
000000D5,on
000000D6,off
000000D7,deliverable
000000D8,project
000000D9,complete
000000DA,methodology
000000DB,combined
000000DC,abstract
000000DD,hypothesis
000000DE,keygen
000000DF,document
000000E0,bounds
000000E1,partitioned
000000E2,confirmed
000000E3,0
000000E4,stratified
000000E5,sampling
000000E6,peer
000000E7,iqr
000000E8,dataset
000000E9,analysis
000000EA,minor
000000EB,acceptable
000000EC,outliers
000000ED,novel
000000EE,count
000000EF,05
000000F0,variance
000000F1,review
000000F2,citation
000000F3,less
000000F4,than
000000F5,within
000000F6,accepted
000000F7,filtering
000000F8,p
000000F9,revisions
000000FA,samples
000000FB,at
000000FC,results
000000FD,removed
000000FE,42
000000FF,into
00000100,experiment
