word_id,doc_ids...
00000000,00000000,00000002,00000006
00000001,00000000
00000002,00000000
00000003,00000000
00000004,00000000,00000002
00000005,00000000,00000009,0000000B
00000006,00000000,00000002,00000003,00000005,0000000B,0000000C,0000000D
00000007,00000000
00000008,00000000
00000009,00000000
0000000A,00000000,00000004,00000005,00000006,0000000C,0000000D
0000000B,00000000
0000000C,00000000,00000002,00000006
0000000D,00000000
0000000E,00000000,00000002,00000008,0000000B
0000000F,00000000,00000002,00000006,00000008,0000000B
00000010,00000001
00000011,00000001
00000012,00000001,0000000C
00000013,00000001
00000014,00000001
00000015,00000001,0000000C,0000000D
00000016,00000001
00000017,00000001
00000018,00000001,0000000C,0000000D
00000019,00000001
0000001A,00000001,0000000C
0000001B,00000001
0000001C,00000001
0000001D,00000001
0000001E,00000001
0000001F,00000001,00000003,0000000C,0000000D
00000020,00000001
00000021,00000001
00000022,00000002
00000023,00000002
00000024,00000002
00000025,00000002
00000026,00000002
00000027,00000002,00000007,00000008,0000000B,0000000C
00000028,00000002
00000029,00000002
0000002A,00000002,00000008,0000000B
0000002B,00000002
0000002C,00000003
0000002D,00000003,00000007,0000000B,0000000C,0000000D
0000002E,00000003,0000000B
0000002F,00000003
00000030,00000003,00000005,0000000C
00000031,00000003
00000032,00000003,0000000B
00000033,00000003
00000034,00000003
00000035,00000003
00000036,00000003
00000037,00000003
00000038,00000003,00000005
00000039,00000004
0000003A,00000004,00000007,0000000B
0000003B,00000004
0000003C,00000004
0000003D,00000004,00000009,0000000B
0000003E,00000004
0000003F,00000004
00000040,00000004
00000041,00000004
00000042,00000004
00000043,00000004
00000044,00000004
00000045,00000004
00000046,00000004
00000047,00000004
00000048,00000005,0000000D
00000049,00000005
0000004A,00000005
0000004B,00000005
0000004C,00000005
0000004D,00000005
0000004E,00000005
0000004F,00000005
00000050,00000005
00000051,00000005
00000052,00000005
00000053,00000005
00000054,00000006,0000000C
00000055,00000006,0000000C,0000000D
00000056,00000006
00000057,00000006
00000058,00000006
00000059,00000006
0000005A,00000006,0000000C
0000005B,00000006
0000005C,00000006,00000008,0000000B
0000005D,00000006,0000000C,0000000D
0000005E,00000006
0000005F,00000006
00000060,00000006
00000061,00000006
00000062,00000006
00000063,00000007,0000000B
00000064,00000007,0000000B,0000000C
00000065,00000007,0000000B
00000066,00000007,0000000B
00000067,00000007,0000000B
00000068,00000007,0000000B
00000069,00000007,0000000B
0000006A,00000007,0000000B
0000006B,00000007,0000000B
0000006C,00000007,0000000B
0000006D,00000007,0000000B
0000006E,00000007,0000000B
0000006F,00000007,0000000B,0000000D
00000070,00000007,0000000B
00000071,00000007,0000000B
00000072,00000007,0000000B
00000073,00000007,00000008,0000000B
00000074,00000007,0000000B
00000075,00000007,0000000B
00000076,00000007,00000008,0000000B
00000077,00000007,0000000B
00000078,00000007,0000000B
00000079,00000007,0000000B
0000007A,00000007,0000000B
0000007B,00000007,0000000B
0000007C,00000007,0000000B
0000007D,00000007,0000000B
0000007E,00000007,0000000B,0000000C
0000007F,00000008,0000000B
00000080,00000008,0000000B
00000081,00000008,0000000B
00000082,00000008,0000000B
00000083,00000008,0000000B
00000084,00000008,0000000B
00000085,00000008,0000000B
00000086,00000008,0000000B
00000087,00000008,0000000B
00000088,00000008,0000000B
00000089,00000008,0000000B
0000008A,00000008,0000000B
0000008B,00000008,0000000B
0000008C,00000008,0000000B
0000008D,00000008,0000000B
0000008E,00000008,0000000B
0000008F,00000008,0000000B
00000090,00000008,0000000B
00000091,00000008,0000000B
00000092,00000008,0000000B
00000093,00000008,0000000B
00000094,00000008,0000000B
00000095,00000008,0000000A,0000000B
00000096,00000008,0000000B
00000097,00000008,0000000B
00000098,00000008,0000000B
00000099,00000008,0000000B,0000000C,0000000D
0000009A,00000008,0000000B
0000009B,00000009,0000000B
0000009C,00000009,0000000B
0000009D,00000009,0000000B
0000009E,00000009,0000000B
0000009F,00000009,0000000B
000000A0,00000009,0000000B
000000A1,00000009,0000000B
000000A2,00000009,0000000B
000000A3,00000009,0000000B
000000A4,00000009,0000000B
000000A5,00000009,0000000B
000000A6,00000009,0000000B
000000A7,00000009,0000000B
000000A8,00000009,0000000B
000000A9,00000009,0000000B
000000AA,00000009,0000000B
000000AB,00000009,0000000B
000000AC,00000009,0000000A,0000000B
000000AD,00000009,0000000B
000000AE,00000009,0000000B
000000AF,00000009,0000000B,0000000C,0000000D
000000B0,00000009,0000000B
000000B1,00000009,0000000B
000000B2,00000009,0000000B
000000B3,00000009,0000000B
000000B4,00000009,0000000B
000000B5,00000009,0000000B
000000B6,00000009,0000000A,0000000B
000000B7,0000000A,0000000B
000000B8,0000000A,0000000B
000000B9,0000000A,0000000B
000000BA,0000000A,0000000B
000000BB,0000000A,0000000B
000000BC,0000000A,0000000B
000000BD,0000000A,0000000B
000000BE,0000000A,0000000B
000000BF,0000000A,0000000B
000000C0,0000000A,0000000B
000000C1,0000000A,0000000B
000000C2,0000000A,0000000B
000000C3,0000000A,0000000B
000000C4,0000000A,0000000B
000000C5,0000000A,0000000B
000000C6,0000000A,0000000B
000000C7,0000000A,0000000B
000000C8,0000000A,0000000B
000000C9,0000000A,0000000B
000000CA,0000000A,0000000B
000000CB,0000000A,0000000B
000000CC,0000000A,0000000B
000000CD,0000000A,0000000B
000000CE,0000000A,0000000B
000000CF,0000000A,0000000B
000000D0,0000000A,0000000B
000000D1,0000000A,0000000B
000000D2,0000000A,0000000B
000000D3,0000000A,0000000B
000000D4,0000000A,0000000B
000000D5,0000000A,0000000B,0000000C,0000000D
000000D6,0000000A,0000000B
000000D7,0000000A,0000000B
000000D8,0000000A,0000000B
000000D9,0000000A,0000000B
000000DA,0000000B
000000DB,0000000B
000000DC,0000000B
000000DD,0000000B
000000DE,0000000B
000000DF,0000000B,0000000C,0000000D
000000E0,0000000B
000000E1,0000000B
000000E2,0000000B
000000E3,0000000B
000000E4,0000000B
000000E5,0000000B
000000E6,0000000B
000000E7,0000000B
000000E8,0000000B
000000E9,0000000B
000000EA,0000000B
000000EB,0000000B
000000EC,0000000B
000000ED,0000000B
000000EE,0000000B
000000EF,0000000B
000000F0,0000000B
000000F1,0000000B
000000F2,0000000B
000000F3,0000000B
000000F4,0000000B
000000F5,0000000B
000000F6,0000000B
000000F7,0000000B
000000F8,0000000B
000000F9,0000000B
000000FA,0000000B
000000FB,0000000B
000000FC,0000000B
000000FD,0000000B
000000FE,0000000B
000000FF,0000000B
00000100,0000000B
00000101,0000000C
00000102,0000000C
00000103,0000000C
00000104,0000000C,0000000D
00000105,0000000C
00000106,0000000C
00000107,0000000C
00000108,0000000C
00000109,0000000C
0000010A,0000000C
0000010B,0000000C
0000010C,0000000C,0000000D
0000010D,0000000C
0000010E,0000000C
0000010F,0000000C,0000000D
00000110,0000000C
00000111,0000000C
00000112,0000000C
00000113,0000000C
00000114,0000000C
00000115,0000000C
00000116,0000000C
00000117,0000000C
00000118,0000000C
00000119,0000000C
0000011A,0000000C
0000011B,0000000C
0000011C,0000000C
0000011D,0000000C,0000000D
0000011E,0000000C,0000000D
0000011F,0000000C,0000000D
00000120,0000000C
00000121,0000000C
00000122,0000000C
00000123,0000000C
00000124,0000000C
00000125,0000000C,0000000D
00000126,0000000C
00000127,0000000C
00000128,0000000C
00000129,0000000C
0000012A,0000000C
0000012B,0000000C
0000012C,0000000C
0000012D,0000000C
0000012E,0000000C
0000012F,0000000C
00000130,0000000C
00000131,0000000C
00000132,0000000C
00000133,0000000C
00000134,0000000C
00000135,0000000C
00000136,0000000C
00000137,0000000C
00000138,0000000C
00000139,0000000C
0000013A,0000000C,0000000D
0000013B,0000000C
0000013C,0000000C
0000013D,0000000C
0000013E,0000000D
0000013F,0000000D
00000140,0000000D
00000141,0000000D
00000142,0000000D
00000143,0000000D
00000144,0000000D
00000145,0000000D
00000146,0000000D
00000147,0000000D
00000148,0000000D
00000149,0000000D
0000014A,0000000D
0000014B,0000000D
0000014C,0000000D
0000014D,0000000D
0000014E,0000000D
0000014F,0000000D
00000150,0000000D
00000151,0000000D
00000152,0000000D
00000153,0000000D
00000154,0000000D
00000155,0000000D
00000156,0000000D
00000157,0000000D
00000158,0000000D
00000159,0000000D
0000015A,0000000D
0000015B,0000000D
0000015C,0000000D
0000015D,0000000D
0000015E,0000000D
0000015F,0000000D
00000160,0000000D
00000161,0000000D
00000162,0000000D
00000163,0000000D
00000164,0000000D
00000165,0000000D
00000166,0000000D
00000167,0000000D
