word,id
trials,00000000
logs,00000001
codes,00000002
diagnostic,00000003
insulin,00000004
audit,00000005
and,00000006
concentration,00000007
healthcare,00000008
therapies,00000009
the,0000000A
reveals,0000000B
clinical,0000000C
monitor,0000000D
diabetes,0000000E
patient,0000000F
ankit,00000010
text,00000011
is,00000012
replace,00000013
pal,00000014
sample,00000015
content,00000016
amlesh,00000017
a,00000018
you,00000019
as,0000001A
needed,0000001B
can,0000001C
kumar,0000001D
edit,0000001E
this,0000001F
file,00000020
or,00000021
recovery,00000022
ongoing,00000023
mellitus,00000024
suggest,00000025
rates,00000026
with,00000027
prescribed,00000028
diagnosed,00000029
treatment,0000002A
significant,0000002B
network,0000002C
encryption,0000002D
research,0000002E
neural,0000002F
learning,00000030
models,00000031
paper,00000032
homomorphic,00000033
architectures,00000034
optimizations,00000035
advanced,00000036
explores,00000037
machine,00000038
first,00000039
in,0000003A
enterprise,0000003B
driving,0000003C
revenue,0000003D
are,0000003E
targets,0000003F
quarter,00000040
metrics,00000041
indicate,00000042
scale,00000043
exceeded,00000044
cloud,00000045
services,00000046
increase,00000047
documents,00000048
secret,00000049
non,0000004A
indices,0000004B
disclosure,0000004C
trade,0000004D
legal,0000004E
establish,0000004F
clauses,00000050
proprietary,00000051
regarding,00000052
protections,00000053
security,00000054
to,00000055
team,00000056
all,00000057
records,00000058
need,00000059
be,0000005A
address,0000005B
medical,0000005C
encrypted,0000005D
containing,0000005E
database,0000005F
statistics,00000060
must,00000061
we,00000062
sha1,00000063
key,00000064
mode,00000065
rfc,00000066
session,00000067
generated,00000068
padding,00000069
nonce,0000006A
cipher,0000006B
256,0000006C
aes,0000006D
derivation,0000006E
scheme,0000006F
size,00000070
iv,00000071
bit,00000072
per,00000073
bits,00000074
cbc,00000075
128,00000076
pkcs7,00000077
csprng,00000078
draft,00000079
hmac,0000007A
randomly,0000007B
block,0000007C
pbkdf2,0000007D
generation,0000007E
record,0000007F
mmhg,00000080
penicillin,00000081
126,00000082
dosage,00000083
500mg,00000084
00482,00000085
metformin,00000086
pressure,00000087
allergy,00000088
dl,00000089
glucose,0000008A
82,0000008B
medication,0000008C
rash,0000008D
diagnosis,0000008E
b,0000008F
dietary,00000090
twice,00000091
type,00000092
blood,00000093
meals,00000094
2,00000095
mg,00000096
id,00000097
daily,00000098
over,00000099
adjustment,0000009A
position,0000009B
2m,0000009C
unchanged,0000009D
material,0000009E
forecast,0000009F
ebitda,000000A0
profit,000000A1
760k,000000A2
18,000000A3
no,000000A4
stable,000000A5
financial,000000A6
equity,000000A7
remains,000000A8
q3,000000A9
balance,000000AA
margin,000000AB
4,000000AC
notes,000000AD
findings,000000AE
for,000000AF
revised,000000B0
upward,000000B1
q4,000000B2
report,000000B3
net,000000B4
sheet,000000B5
3,000000B6
stakeholder,000000B7
sign,000000B8
67,000000B9
percent,000000BA
blocked,000000BB
week,000000BC
medium,000000BD
track,000000BE
points,000000BF
budget,000000C0
api,000000C1
delay,000000C2
third,000000C3
roadmap,000000C4
34,000000C5
phase,000000C6
backlog,000000C7
velocity,000000C8
pending,000000C9
risks,000000CA
start,000000CB
utilisation,000000CC
14,000000CD
milestone,000000CE
party,000000CF
phoenix,000000D0
open,000000D1
m4,000000D2
sprint,000000D3
integration,000000D4
on,000000D5
off,000000D6
deliverable,000000D7
project,000000D8
complete,000000D9
methodology,000000DA
combined,000000DB
abstract,000000DC
hypothesis,000000DD
keygen,000000DE
document,000000DF
bounds,000000E0
partitioned,000000E1
confirmed,000000E2
0,000000E3
stratified,000000E4
sampling,000000E5
peer,000000E6
iqr,000000E7
dataset,000000E8
analysis,000000E9
minor,000000EA
acceptable,000000EB
outliers,000000EC
novel,000000ED
count,000000EE
05,000000EF
variance,000000F0
review,000000F1
citation,000000F2
less,000000F3
than,000000F4
within,000000F5
accepted,000000F6
filtering,000000F7
p,000000F8
revisions,000000F9
samples,000000FA
at,000000FB
results,000000FC
removed,000000FD
42,000000FE
into,000000FF
experiment,00000100
